item_number,source_number_in_text,english_gloss,phonetic_form,phonemic_form,alignment_note
1,1,Body,[ísò],/ísò/,
2,2,Skin,[èkpáísò],/èkpá-ísò/,
3,3,Head,[rètó],/rètó/,
4,4,Forehead,[èzózó],/èzózó/,
5,5,Face,[rɔ],/rósó/,
6,6,Eye,[s  n],/s  n/,
7,7,Eyebrow,[íkóbáyén],/íkóbáyén/,
8,8,Eyelid,[íkóbáyén],/íkóbáyén/,
9,9,Eyelash,[íkóbáyén],/íkóbáyén/,
10,10,Pupil (eye),[rémó-ásén],/rémó-ásén/,
11,11,Nose,[jón],/jón/,
12,12,Bridge,[étàtán],/étàtán/,
13,13,Ear,[òtó],/òtó/,
14,14,Cheek,[íbham/óbam],/íbàm/,
15,15,Mouth,[ámá],/ámá/,
16,16,Lip,[èmàzúb],/èmàzúb/,
17,17,Tongue,[r  m  n],/r  m  n/,
18,18,Tooth,[rèsàn],/rèsàn/,
19,19,Molar tooth,[íbám],/íbám/,
20,20,Palate,[èyèsí],/èyèsí/,
21,21,Jaw,[ìbám],/ìbám/,
22,22,Chin,[rèbèm],/rèbèm/,
23,23,Neck,[ròhòt],/ròhòt/,
24,24,Nape of neck,[èfíb áímèré],/èfíb áímèré/,
25,25,Throat,[èmèré],/èmèré/,
26,26,Voice box (Adam apple),[òkpòhóróró],/òkpòhóróró,
27,27,Hair (of  body),[ìsùp],/ìsùp/,
28,28,Beard,[ìsùb-à-rébèm],/ìsùb-à-rébèm/,
29,29,Hair,[íʃín],/íʃín/,
30,30,Lock (of hair),[bèkpòró íʃínó],/bèkpòró íʃínó/,
31,31,Shoulder,[èwótánò],/èwótánò/,
32,32,Shoulder blade,[ìkáàróhòdò],/ìkáàróhòdò/,
33,33,Chest,[ròfèm],/ròfèm/,
34,standalone,Breast,[rèβèí],/rèβèí/,
35,34,Side (of body),[èkpáísò sénò],/èkpáísò sénò/,
36,35,Waist,[hèʒín],/hèʒín/,
37,36,Navel,[rèhóp],/rèhóp/,
38,37,Umbilical cord,[ròsá rèhóp],/ròsá rèhóp/,
39,38,Abdomen (external),[rémè],/rémè/,
40,39,Abdomen (internal),[ìfàm-á rémè],/ìfàm-á rémè/,
41,40,Womb,[hémá],/hémá/,
42,41,Back,[ízúmá],/ízúmá/,
43,42,Buttocks,[rèβáyòn],/rèβáyòn/,
44,43,Anus,[òmà rèβáyòn],/òmà rèβáyòn/,
45,44,Penis,[rétáí],/rétáí/,
46,45,Testicle,[ìtàhúb],/ìthàhúb/,
47,46,Vagina,[ bíyɔ n],/bíyɔ n/,
48,47,Clitoris,[éhú],/éhú/,
49,48,Arm,[ɔ bɔ ],/ɔ bɔ /,
50,49,Armpit,[évírìvá],/évírìvá/,
51,50,Upper arm,[èwótèn],/èwótèn/,
52,51,Elbow,[èháhá],/èháhá/,
53,52,Forearm,[èwótèn],/èwótèn/,
54,53,Wrist,[rèfùnà ɔ bɔ ],/rèfùnà ɔ bɔ /,
55,54,Hand,[ɔ gbà ɔ bɔ ],/ógbà ɔ bɔ /,
56,55,Fist,[ɔ bɔ ],/ɔ bɔ /,
57,56,Palm (of hand),[rèfùnà ɔ bɔ ],/rèfùnà ɔ bɔ /,
58,57,Finger,[ìnɔ nɔ í],/ìnɔ nɔ í/,
59,58,Thumb,[òróm énɔ nɔ í ábɔ ],/òróm énɔ nɔ í ábɔ /,
60,59,Knuckle,[ógbá ìnɔ nɔ í],/ógbá ìnɔ nɔ í/,
61,60,Fingernail,[ránɔ í],/ránɔ í/,
62,61,Leg,[ɔ vɔ n],/ɔ vɔ n/,
63,62,Hip,[hèʒín],/hèʒín/,
64,63,Thigh,[òttá],/òttá/,
65,64,Knee,[rédù],/rédù/,
66,65,Shin,[rèbèm],/rèbèm/,
67,66,Calt or leg,[réhórábón ávòn],/réhórábón ávòn,
68,67,Ankle,[réhórá ávòn],/réhórá ávòn/,
69,69,Foot,[éyòò],/éyòò/,
70,70,Heel,[réhórà ávòn],/réhórà ávòn/,
71,71,Sole,[rémé ávòn],/rémé ávòn/,
72,72,Toe,[òròm énɔ nɔ í ávòn],/òròm- énɔ nɔ í ávòn/,
73,73,Bone,[èhúb],/èhwúb/,
74,74,Bone marrow,[búdó],/búdó/,
75,75,Skeleton,[βèhúb ɔ sɔ m],/βèhúb ɔ sɔ m/,
76,76,Skull,[èvú-a rétɔ nɔ ],/èvú-a rétɔ nɔ /,
77,77,Breast bone,[èwúb-á-rófèm],/èwúb-á-rófèm/,
78,78,"Spine, backbone",[èhúb íʒùmà],/èhwúb íʒùmà/,
79,79,Rib,[éhúb-á-tátàn],/éhúb-á-tátàn/,
80,80,Brain,[íβón],/íβón/,
81,81,Heart,[ífám-á-rófèm],/ífám-á-rófèm,
82,82,Liver,[rátɔ n],/rátɔ n/,
83,83,Kidney,[évì],/évì/,
84,84,Lung,[rátón-a-rófèm],/rátón-a-rófèm/,
85,85,Intestine,[ísá rémè],/ísá rémè/,
86,86,Bladder,[úshí ránù],/úshí ránù/,
87,87,Gall bladder,[úʃí ránù],/úʃí ránù/,
88,88,Muscle,[ràmù],/ràmù/,
89,89,Tendon,[ràmù],/ràmù/,
90,90,Vein,[rɔ ɲí],/rɔ ɲí/,
91,91,Breath,[ègùβé],/ègùβé/,
92,92,Saliva,[bùkpán],/bùkpán/,
93,93,Nasal mucus,[ímín],/ímín/,
94,94,Tears,[ràʤén],/ràʤén/,
95,95,Blood,[ráʤí],/ráʤí/,
96,96,"Bile, gall",[ínɔ í],/ínɔ í/,
97,97,Semen,[mévén-á-óróm],/mévén-á-óróm/,
98,98,Urine,[ránù],/ránù/,
99,99,Excrement,[ràpín],/ràpín/,
100,100,Blink,[òwón-éyì],/òwón-éyì/,
101,101,Wink,[yén pórópórò],/yén pórópórò/,
102,102,Blow nose,[ʒíyá],/ʒíyá/,
103,103,Breathe,[ègùβé],/ègùβé/,
104,104,Yawn,[ríʤà],/ríʤà/,
105,105,Snore,[ègùβé],/ègùβé/,
106,106,Pant,[rófém-pérépérè],/rófém-pérépérè/,
107,107,Blow (with mouth),[hùná],/hùná/,
108,108,Spit,[kún],/kún/,
109,109,Cough,[ kónó],/kónó/,
110,110,Belch,[ óváárè],/óváárè/,
111,111,Hiccough,[ ráhàm],/ráhàm/,
112,112,Sneeze,[ rítì],/rítì/,
113,113,Groan (with pain),[ógúwègùwè],/ógúwègùwè/,
114,114,Grunt (from effort),[rófém óʒán],/rófém óʒán/,
115,115,Urinate,[vùránù òvú],/vùránù òvú/,
116,116,"Break wind, fart",[záí],/záí/,
117,117,Defecate,[terapin],/terrapin/,
118,118,"Shiver, tremble",[rákpàkpà],/rákpàkpà/,
119,119,"Respire, sweat",[íɲíré],/íɲíré/,
120,120,Bleed,[ràʤì òshí],/ràʤì òshí/,
121,121,"Coagulate, clot",[rèjì òbó],/rèjì òbó/,
122,122,(be) dizzy,[ísóó],/ísóó/,
123,123,Faint,[ròfèm òʒán],/ròfèm òʒán/,
124,124,Sleep (v),[gbìráí or βìráí],/gbìráí or βìráí/,
125,125,Dream (n),[gbìráí óyé],/gbìráí óyé/,
126,126,Wake up,[vìnéné],/vìnéné/,
127,127,See,[y n],/ y n/,
128,128,"Look at, watch",[táàyè],/táàyè/,
129,129,Hear,[òfá],/òfá/,
130,130,Listen,[àrá ìtò],/àrá ìtò/,
131,131,Smell (v),[énú],/énú/,
132,132,Feel (passive),[òhâ],/òhâ/,
133,133,"Touch, feel (active)",[òhâ],/òhâ/,
134,134,Taste,[fɔ βɔ ],/ fɔ βɔ /,
135,135,Eat,[ʃí],/ʃí/,
136,136,Bite,[fáá],/fáá/,
137,137,Crunch,[fáá],/fáá/,
138,standalone,197,[ʃí],/ʃí/,
139,138,Chew,[m n],/m n/,
140,139,Swallow,[òtéhénè],/òtéhénè/,
141,140,Choke,[dúú],/dúú/,
142,141,Lick,[fúβéré],/fúβéré/,
143,142,Suck,[gwá],/gwá/,
144,143,Drink,[sé],/sé/,
145,144,Sit,[mémé],/meme/,
146,145,Rise-up,[nèmén m],/nèmén m/,
147,146,Lie down,[hóβéré],/hóβéré/,
148,147,Turn around,[z n],/z n/,
149,148,Walk,[jééβè],/jééβè/,
150,149,Step (v),[òtánénè],/òtánénè/,
151,150,Stumble,[túmàt m],/túmàt m/,
152,151,Limp,[kúβéré],/kúβéré/,
153,152,Crawl,[tòívírí],/tòívírí/,
154,153,Run,[ègwá],/ègwá/,
155,154,Swim,[hú],/hú/,
156,155,Jump (v),[tá],/tá/,
157,156,Kick,[ʒérá-òvòn],/ʒérá-òvòn/,
158,157,Stamp (with foot),[yùbáì],/yùbáì/,
159,158,Trample,[ɔ bɔ  úwèrè],/ɔ bɔ  úwèrè/,
160,159,Wave (hand as greeting),[énɔ nɔ í-ɔ yɔ nɔ ],/énɔ nɔ í-ɔ yɔ nɔ /,
161,160,"Indicate, point(as with finger)",[kpá ɔ bɔ ],/kpá ɔ bɔ /,
162,161,Clap (hands),[tá- ɔ bɔ ],/tá-òbõ/,
163,162,Slap (v),[pírí],/pírí/,
164,163,Stand,[tùú],/tùú/,
165,164,Straddle,[vèné],/vèné/,
166,165,Lean against,[tùbé],/tubhe/,
167,166,Bend down,[kpéé],/kpéé/,
168,167,Bow (as in greeting),[sé],/sé/,
169,168,(be) seated,[kwọí],/kwọí/,
170,169,Squat,[kpéràdù],/kpéràdù/,
171,170,Kneel,[nèmén m],/nèmén m/,
172,171,(be) lying down,[òvóbò],/òvóbò/,
173,172,(be) hot (of person),[búwọ],/búwọ/,
174,173,"(be)  hungry, hunger",[sásè],/sásè/,
175,174,(be) seated,[éméré ọzérò],/éméré ọzérò/,
176,175,"(be) thirsty, thirst",[gbètọ ànâ],/gbètọ ànâ/,
177,176,(be) drunk,[ísɔ  ɔ bɔ ],/ísɔ  ɔ bɔ /,
178,177,(be) tired,[bìràí-òʒéb],/bìràí òʒéb/,
179,178,(be) sleepy,[éβóm ],/éβóm /,
180,179,,[vìnénê],/vìnénê/,
181,180,"(be) awake, alert",[ìkpáròsó óshìbèshìbè],/ìkpáròsó óshìbèshìbè/,
182,181,Wrinkle,[ráhúntô],/ráhúntô/,
183,182,Pimple,[émémɔ ],/émémɔ /,
184,183,(be) bald,[ìvím],/ìvím/,
185,184,(be) blind,[eto-oferi oye],/eto-oferi oye/,
186,185,(be) short sighted,[òkáné],/òkáné/,
187,186,(be) thin,[rèmè ɔ fíɔ ],/rèmè ɔ fíɔ /,
188,187,(be) Impotent,[rèmè ɔ mmɔ ],/rèmè ɔ mmɔ /,
189,188,Barren woman,[òvímévímè],/òvímévímè/,
190,189,Blind person,[ìtɔ ɔ pà],/ìtɔ ɔ pà/,
191,190,Deaf,[rìmèrèhúbò],/rìmèrèhúbò/,
192,191,Hunchback,[ekwɔ ],/ekwɔ /,
193,192,Cripple,[réfé],/réfé/,
194,193,Dwarf,[ògbóɲè],/ògbóɲè/,
195,194,Giant,[rèkpúkpúnɔ nɔ ],/rèkpúkpúnɔ nɔ /,
196,195,Stupid person,[ɔ nɔ túm],/ɔ nɔ túm/,
197,196,Simple person,[ɔ vúmá íkɔ ],/ɔ vúmá íkɔ /,
198,197,Mad person,[ísòhòʒérè],/ísòhòʒérè/,
199,198,(be) healthy,[ómánáí or émaí],/ómánáí or émaí/,
200,199,"(be) sick, (be) ill",[mòvén òvínà],/mòvén òvínà/,
201,200,Hurt oneself,[óténɔ ],/óténɔ /,
202,201,"Heal, cure",[βòs ],/βòs /,
203,202,Medicine,[óténɔ ],/óténɔ /,
204,203,"Get well, recover",[óvíáré],/óvíáré/,
205,204,Revive,[èwú ɔ pá],/èwú ɔ pá/,
206,205,Abscess,[ìrɔ rè],/ìrɔ rè/,
207,206,Swelling,[èhúb-rémìn],/èhúb-rémìn/,
208,207,Tumour,[ɔ bɔ yɔ ],/ɔ bɔ yɔ /,
209,208,Bruise,[ɔ kúmɔ ],/ɔ kúmɔ /,
210,209,Bum,[òkpóhòróróhò],/òkpóhòróróhò/,
211,210,Goiter,[ètàwúb],/ètàwúb/,
212,211,Hernia,[èvàì ádím ávòn],/èvàì ádím ávòn/,
213,212,Ulcer,[èvàì],/èvàì/,
214,213,Wound sore,[rávòn],/rávòn/,
215,214,Pus,[èpá],/èpá/,
216,215,Scar,[bùtúm-à rémè],/bùtúm à rémè/,
217,216,Intestinal worm,[ópáì-màí],/ópáì-màí/,
218,217,"Illness, disease",[bímá árá bírívòn],/bímá árá bírívòn/,
219,218,Elephantiasis,[ínóɲàì],/ínóɲàì/,
220,219,Ringworm,[égbá],/égbá/,
221,220,,[égòm],/égòm/,
222,221,Malaria (fever),[égòm],/égòm/,
223,222,Fever (not malaria),[ɔ máyɔ ],/ɔ máyɔ /,
224,223,Pain (n),[βìmáí],/βìmáí/,
225,224,"Give, pain, hurt",[bimai onyi],/bìmàí ónyì/,
226,225,Throb (with pain),[íkwói],/íkwói/,
227,226,Vomit (v),[rèmè òmái],/rèmè òmái/,
228,227,Stomachache,[rētọ òβòyì],/rētọ òβòyì/,
229,228,Headache,[ùβàyí],/ùβàyí/,
230,229,Diarrhea,[ìná],/ìná/,
231,230,Scabies,[ètòmà],/ètòmà/,
232,231,Life,[kú ètòmà],/kú ètòmà/,
233,232,(be) alive,[ítòm],/ítòm/,
234,233,Menstrual period,[ómó-rèmè],/ómó-rèmè/,
235,234,(be) pregnant,[rèmè ózú-béré],/rèmè ózú-béré/,
236,235,Miscarriage,[βɔ :mà-ɔ rɔ m],/βɔ :mà-ɔ rɔ m/,
237,236,Labour (n) birth pains,[ómàrọ],/ómàrọ/,
238,237,"Bear (child), give birth",[ómáré],/ómáré/,
239,238,(be) born,[gwágwánê],/gwágwánê/,
240,239,(be) young,[ópápò],/ópápò/,
241,240,Grow up,[ókpèmɔ ],/ókpèmɔ /,
242,241,(be) old (not young),[ókpáá],/ókpáá/,
243,242,Die,[rókpáá],/rókpáá/,
244,243,Death,[ōkpáá],/ōkpáá/,
245,244,(be) dead,[ìtùné],/ìtùné/,
246,245,Think,[rédá],/rédá/,
247,246,Believe,[ìtháhòsé],/ìtáhòsé/,
248,247,Hope (v),[ záázè],/ záázè/,
249,248,Know (something or someone),[ìnèmènè],/ìnèmènè/,
250,249,Knowledge,[bìkpà ná],/bìkpàná/,
251,250,Wisdom,[bìkpà ná],/bìkpàná/,
252,251,(be) wise,[bɔ vén gòzè],/bɔ vén gòzè/,
253,252,(be) intelligent,[rèkpúkpúnɔ ],/rèkpúkpúnɔ /,
254,253,(be) stupid,[òvúvúrè],/òvúvúrè/,
255,254,(be) confused,[kpê],/kpê/,
256,255,Learn,[kpé-òvén],/kpé-òvén/,
257,256,Teach,[jâ],/jâ/,
258,257,Show,[ìzúmáná],/ìzúmáná/,
259,258,Forgot,[nádéménè],/nádéménè/,
260,259,"(be) happy, (be) joyful",[íβéβé],/íβéβé/,
261,260,Rejoice,[ìyàsé],/ìyàsé/,
262,261,Laugh,[ómúmúmá],/ómúmúmá/,
263,262,Smile,[ùhwánọ],/ùhwánọ/,
264,263,(be) sad,[ònò],/ònò/,
265,264,"Cry, weep",[ókúbárùté],/ókúbárùté/,
266,265,Sorrow (n),[bòhìréíyọ],/bòhìréíyọ/,
267,266,Shame (n),[rùránọ],/rùránọ/,
268,267,Pity (n),[óhárá],/óhárá/,
269,268,Fear (n),[ówéréíyó],/ówéréíyó/,
270,269,Frighten,[ísɔ -ɔ kpá],/ísɔ -ɔ kpá/,
271,270,"Startle, surprise",[ìwùrùwú],/ìwùrùwú/,
272,271,(be) angry,[b m],/b m/,
273,272,Calm (oneself),[óyé],/óyé/,
274,273,(be) proud,[rárùm-ònyì],/rárùm-ònyì/,
275,274,Respect (v),[rárùm-ònyì],/rárùm-ònyì/,
276,275,Honour (v),[ràʒéb],/ràʒéb/,
277,276,Love (v),[ràhù],/ràhù/,
278,277,Hate (v),[òvésótà],/òvésótà/,
279,278,"Despise, disdain",[rúɲé],/rúɲé/,
280,279,"Want, desire",[ítúné ònâ],/ítúné ònâ/,
281,280,Decide,[hénéné],/hénéné/,
282,281,"Choose, pick",[zúzúmá],/zúzúmá/,
283,282,Hesitate,[hànâ],/hànâ/,
284,283,Abstain,[kpóó],/kpóó/,
285,284,"Allow, permit",[hànâ],/hànâ/,
286,285,Forbid,[íkpáná],/íkpáná/,
287,286,Prevent,[rúkù],/rúkù/,
288,287,Plan,[zízìá],/zízìá/,
289,288,Try,[ɲìnàfé],/ɲìnàfé/,
290,289,Succeed,[ìkpóghà],/ìkpóghà/,
291,290,Fail,[èhàméhámè],/èhàméhámè/,
292,291,Pretend,[rófém ódém],/rófém ódém/,
293,292,(be) kind,[rófém ódém],/rófém ódém/,
294,293,(be) generous,[íkpàβé],/íkpàβé/,
295,294,(be) selfish,[òsòmárétɔ nɔ ],/òsòmárétɔ nɔ /,
296,295,(be) honest,[rófém-ópèb],/rófém-ópèb/,
297,296,(be) wicked,[óhárá],/óhárá/,
298,297,(be) fierce,[òʒúʒúβà],/òʒúʒúβà/,
299,298,(be) jealous,[bòyìréí],/bòyìréí/,
300,299,(be) shy,[rófém óʒérè],/rófém óʒérè/,
301,300,"(be) courageous, (be) brave",[ónó óhàrà],/ónó óhàrà/,
302,301,Coward,[hègwá-òvà],/hègwá-òvà/,
303,302,(be) curious,[ékpèvém],/ékpèvém/,
304,303,(be) lazy,[íkárófém],/íkárófém/,
305,304,(be) patient,[ìkàròfèm òyíná],/ìkàròfèm òyíná/,
306,305,(be) Impatient,[hòwómɔ ],/hòwómɔ /,
307,306,"(be) restless, (be) unsettled",[rétó-óʒérè],/rétó-óʒérè/,
308,307,(be) stubborn,[rárúm],/rárúm/,
309,308,Reputation,[èʒéré],/èʒéré/,
310,309,"Hardship, distress",[èʒéré],/èʒéré/,
311,310,(be) difficult,[úfèn],/úfèn/,
312,311,Suffer,[òzíné],/òzíné/,
313,312,Obstruct,[íkpáná],/íkpáná/,
314,standalone,202,[mòvén-a-rétòn],/mòvén-a-rétòn/,
315,313,Stumbling block,[mòvén-a-rétòn],/mòvén-a-rétòn/,
316,314,Danger,[òsòm   sán  ],/òsòm   sán  /,
317,315,"Problem, trouble",[ísòyè],/ísòyè/,
318,316,Human being,[òróm],/òróm/,
319,317,Self,[gwà],/gwà/,
320,318,Man (male),[óhárárá],/óhárárá/,
321,319,Woman,[ùtùm],/ùtùm/,
322,320,White man,[kwòkwó],/kwòkwó/,
323,321,Fetus,[fòná âvá],/fòná âvá/,
324,322,Baby,[gwàn],/gwàn/,
325,323,Twin,[gwàn óróm],/gwàn óróm/,
326,324,Child,[gwàn á gwà],/gwàn á gwà/,
327,325,Boy,[ònòtùm],/ònòtùm/,
328,326,Girl,[ gwàgwóróm- òzèn],/gwàgwóróm-òzèn/,
329,327,Adult,[ótùm ónò],/ótùm ónò/,
330,328,Virgin,[ɔ nɔ  àgwé],/ɔ nɔ  àgwé/,
331,329,Old person,[bhànɔ  bínàì],/bànɔ  bínàì/,
332,330,Relative,[ètè árá mmá gwó kpòí],/ètè árá mmá gwó kpòí/,
333,331,Ancestor,[èté],/èté/,
334,332,Grandparent,[mmá],/mmá/,
335,333,Father,[òtùmà gwégwóròm],/òtùmà gwégwóròm,
336,334,Mother,[òtùmà gwé étá nùm],/òtùmà gwé étá nùm/,
337,335,Brother (elder/younger),[òtùmà gwé gwágwa],/òtùmà gwé gwágwa/,
338,336,Father‟s brother (uncle),[òtùmà gwé mmâ gwé],/òtùmà gwé mmâ gwé/,
339,337,Sister (elder/younger),[òtùmà gwé mmâ gwégwa],/òtùmà gwé mmâ,
340,338,Mother‟s brother (uncle),[òtùmà gwé ette gwagwa],/òtùmà gwé ette,
341,339,Mother‟s sister (aunt),[òtùmà gwê],/òtùmà gwê/,
342,340,Father‟s sister (aunt),[gwà ná fùmètò],/gwà ná fùmètò/,
343,341,Cousin,[aábà-ábè],/aábà-ábè/,
344,342,Firstborn,[gwàn-óróm],/gwàn-óróm/,
345,343,Descendant,[gwàn-ágwà],/gwàn-ágwà/,
346,344,Son,[gwàn-ágwán],/òtùmà gwén/,
347,345,Daughter,[òtùmà gwén],/rèhòn/,
348,346,Grandchild,[rèhòn],/òhá ágwén/,
349,347,Nephew,[òhá ágwén],/àbóróm/,
350,348,Name,[àbóróm],/òròm/,
351,349,Namesake,[òròm],/gwa/,
352,350,"In-law, relative by marriage",[gwa],/ọvù-ákwé/,
353,351,Husband,[ọvù-ákwé],/àsórómá àgwé/,
354,352,Wife,[àsórómá àgwé],/àkágwá àgwé/,
355,353,"Fellow-wife, co-wife",[àkágwá àgwé],/òtùmà gwórómá àgwé/,
356,354,Father-in-law,[òtùmà gwórómá àgwén],/òtùmà gwórómá àgwén/,
357,355,Mother-in-law,[òtùmà gwórómá àgwén],/gwàn gwórómá àgwén/,
358,356,Brother-in-law,[gwàn gwórómá àgwén],/gwà gwór má ókpókpó/,
359,357,Sister-in-law,[òtùmà gwórómá àgwá gwà],/òróm gwó re-bàn/,
360,358,Son-in-law,[gwà gwór má  ókpókpó],/gwa gwo-re-ban/,
361,359,Daughter-in-law,[òróm gwógwá ókpókpó],/àsà/,
362,360,Widow,[gwan gwe ete ara mma okpe kpe],/rètɔ  rókpá/,
363,361,Widower,[òróm gwó re-bàn],/wàtùm-à-bànɔ /,
364,362,Orphan,[gwa gwo-re-ban],/òrɔ màkùm/,
365,363,Fiancé (betrothed boyfriend),[àsà],/ɔ nɔ  –ísó/,
366,364,Fiancée (betrothed girlfriend),[rètɔ  rókpá],/ɔ nɔ  –ísófìò/,
367,365,"Tribe, ethic",[wàtùm-à-bànɔ ],/ɔ nɔ  gwà pá wè/,
368,366,Clan,[òrɔ màkùm],/óhàn/,
369,367,Family,[ɔ nɔ -ísó],/óhàn/,
370,368,Friend,[ɔ nɔ  -ísófìò],/ɔ nɔ  àrɔ kɔ /,
371,369,Neighbor,[ɔ nɔ  gwà pá wè],/ɔ nɔ  àrɔ kɔ /,
372,370,Acquaintance,[óhàn],/ónósù/,
373,371,Host,[óhàn],/rú kpèmè/,
374,372,"Guest, visitor",[ɔ nɔ  àrɔ kɔ ],/óté ɔ tóm/,
375,373,Stranger (unknown person),[ɔ nɔ  àrɔ kɔ ],/bánɔ /,
376,374,Enemy,[ónósù],/ɔ vàí/,
377,375,Traitor,[rú kpèmè],/ɔ nɔ  tùm/,
378,376,Thief,[óté ɔ tóm],/ómórètó/,
379,377,Guide (n),[bhánɔ ],/òzìzà/,
380,378,Messenger,[ɔ vàí],/ɔ mé –ìmé/,
381,379,Crowd,[ɔ nɔ  tùm],/ɔ mé –véré/,
382,380,"Chief, headman",[ómórètó],/ɔ mé –òyòm/,
383,381,Elder,[òzìzà],/òsùrákà/,
384,382,Master,[ɔ mé-ìmé],/òvòp íkò/,
385,383,Slave,[ɔ mé -véré],/ɔ nánɔ /,
386,384,Farmer,[ɔ mé -òyòm],/òfè-eʒen /,
387,385,Fisherman,[òsùrákà],/òtám mévén/,
388,386,Hunter,[òvòp íkò],/gwàn énú/,
389,387,Blacksmith,[ɔ nánɔ ],/òkpànú kpàm/,
390,388,Potter,[òfè-eʒen / òfèʒèn],/ɔ dàròkpá/,
391,389,Weaver,[òtám mévén],/gwá-ɔ hɔ n/,
392,390,Butcher,[gwàn énú],/ɔ màrémárè/,
393,391,Trader,[òkpànú kpàm],/òbó/,
394,392,(domestic) servant,[ɔ dàròkpá],/òbó/,
395,393,Beggar,[gwá- ɔ hɔ n],/òbó/,
396,394,Soldier,[ɔ màrémárè],/ótánétáné/,
397,395,Prostitute,[òbó],/òbò-apípí/,
398,396,Midwife,[òbó],/ògbàgbà/,
399,397,"Medicine man, traditional healer",[òbó],/ìtúnénè/,
400,398,Fetish priest,[ótánétáné],/òvúnè/,
401,399,Sorcerer (male),[òbò-apípí],/réβóhá/,
402,400,Witch,[ògbàgbà],/èfé/,
403,401,"Fortune teller, diviner",[ìtúnénè],/òvàsòtàrò/,
404,402,"Meet, encounter",[òvúnè],/ènɔ  ébɔ /,
405,403,Accompany,[réβóhá],/ókúβá/,
406,404,(be) together,[èfé],/ìtá ókpó/,
407,405,Invite,[òvàsòtàrò],/íβáβá/,
408,406,(be) alone,[ènɔ  ébɔ ],/óváváná/,
409,407,Abandon,[ókúβá],/óháhárá/,
410,408,"Flee, run away from",[ìtá ókpó],/rútìrá/,
411,409,Drive away,[íβáβá],/ràʒéb/,
412,410,Avoid,[óváváná],/ọbáná or ọβáná/,
413,411,(be) same,[óháhárá],/ópá/,
414,412,(be) different,[rútìrá],/rémọn/,
415,413,Resemble,[ràʒéb],/òwénínì/,
416,414,Imitate,[ọbáná or ọβáná],/tàá/,
417,415,Admire,[ópá],/rémón/,
418,416,"Befit, suit",[rémọn],/tàá /,
419,417,Language,[òwénínì],/ónúnúmá/,
420,418,Word,[tàá],/vùmá/,
421,419,Meaning,[rémón],/rátọng-ọsá/,
422,420,Say,[tàá / náng òtéré],/ónúnúmá/,
423,421,Voice,[ónúnúmá],/ọháhàng/,
424,422,"Speak, talk",[vùmá],/évóí òtèrè/,
425,423,Whisper,[rátọng-ọsá],/éhùné/,
426,424,"Shout (v), Cry out",[ónúnúmá],/réyá/,
427,425,Chat,[ọháhàng],/rébówá/,
428,426,Mumble,[évóí òtèrè],/tábáíʒòì/,
429,427,Stutter,[éhùné],/ékpá/,
430,428,(be) eloquent,[réyá],/ékpá òkpá/,
431,429,(be) silent,[rébówá],/ùsàhá or ùsàá/,
432,430,Greet,[thábáíʒòì],/owenine/,
433,431,Call (someone),[ékpá],/éjáòjá/,
434,432,Say goodbye take leave of,[ékpá òkpá],/óvúvúwá/,
435,433,Announce,[ùsàhá or ùsàá],/íváná/,
436,434,Announcement,[owenine],/rèpíb/,
437,435,News,[éjáòjá],/rèdáà/,
438,436,Explain,[óvúvúwá],/rúkpém/,
439,437,Advise,[íváná],/éváré/,
440,438,Gossip (v),[rèpíb],/sámọ/,
441,439,Tie (n) falsehood,[rèdáà],/ògwá/,
442,440,"Ask, request",[rúkpém],/rúgwá òvà/,
443,441,"Plead, implore",[éváré],/rúgwá òvà/,
444,442,Request,[sámọ],/ùsónóyínó/,
445,443,"Answer, reply",[ògwá],/ísó úwáná/,
446,444,Thank,[rúgwá òvà],/ópémá/,
447,445,Promise,[rúgwá òvà],/óhárá-ófíọ/,
448,446,Oath,[ùsónóyínó],/ékáá/,
449,447,Swear,[ísó úwáná],/éká ònáà/,
450,448,Insult (v),[ópémá],/ìwùrúwú/,
451,449,Insult (n),[óhárá-ófíọ],/ìgbágbànà/,
452,450,Slander,[ékáá],/rétón óβá/,
453,451,Threaten,[éká ònáà],/òdáa/,
454,452,Argue,[ìwùrúwú],/ódà/,
455,453,Argument,[ìgbágbànà],/rèdà/,
456,454,"Grumble, complain",[rétón óβá],/rèdà ɔ yínà/,
457,455,Contradict,[òdáa],/òdádà or òɠaɠa/,
458,456,Accuse,[ódà],/ókpómá/,
459,457,Deny,[rèdà],/èvíménè/,
460,458,Admit (to a wrong),[rèdà ɔ yínà],/ítábɔ rɔ,
461,459,Agree,[òdádà or òɠaɠa],/rúyámé/,
462,460,Agreement,[ókpómá],/ùsà ọsà/,
463,461,Persuade,[èvíménè],/ùsàá/,
464,462,Praise (n),[ítábɔ rɔ ],/ésèmà/,
465,463,"Bless, praise (someone)",[rúyámé],/ótéré/,
466,464,Congratulate,[ùsà ọsà],/rúkpènè ɔ ɲɔ /,
467,465,"Boast, brag",[ùsàá],/òbàmè/,
468,466,"Tell, recount (story)",[ésèmà],/ísó ùkpá/,
469,467,Story (tale),[ótéré],/rémén ófífíá/,
470,468,Proverb,[rúkpènè ɔ ɲɔ ],/óshíó óshíshíá/,
471,469,Speech discourse,[òbàmè],/ònùnùwà/,
472,470,Account (report) (n),[ísó ùkpá],/íβéβé òtìò/,
473,471,"Embrace, hug",[rémén ófífíá],/ròkpé/,
474,472,Caress,[óshíó óshíshíá],/òkpérà/,
475,473,Kiss (v),[ònùnùwà],/éváná/,
476,474,"Copulate, to have sexual intercourse",[íβéβé òtìò],/òkpákpà/,
477,475,"Nurse, suicide (baby)",[ròkpé],/táβọ,
478,476,Tickle,[òkpérà],/βétábhó,
479,477,Spank (child),[éváná],/íbɔ  ɔ tá/,
480,478,Whip,[òkpákpà],/r  mɔ n ɔ ɲí/,
481,479,Help,[táβọ],/ókpòmà/,
482,480,"Protect, defend",[βétábhó],/ítám-ósé/,
483,481,Look after,[íbɔ  ɔ tá],/ɔ tɔ ng ɔ tɔ mò/,
484,482,Bring up (a child),[ r  mɔ n ɔ ɲí],/tónàyì/,
485,483,"Rule over, dominate",[ókpòmà],/ókpèmè/,
486,484,Order (someone to do something),[ítám-ósé],/òtá:ná/,
487,485,Command (n),[ɔ tɔ ng ɔ tɔ mò],/èjá úfá/,
488,486,"Duty, obligation",[tónàyì],/ròfèm òdèmènè/,
489,487,Send (someone to do something),[ókpèmè],/ító-ókpà/,
490,488,Serve,[òtá:ná],/ébíangá/,
491,489,"Lead, guide",[èjá úfá],/éhàn/,
492,490,Follow,[ròfèm òdèmènè],/ìrómó/,
493,491,Obey,[ító-ókpà],/èhúmọ/,
494,492,"Please, satisfy",[ébíangá],/ọpíná/,
495,493,"Annoy, disturb",[éhàn],/ìkwáá/,
496,494,Deceive,[ìrómó],/ràjúnɔ  ɔ fí/,
497,495,Quarrel,[èhúmọ],/rúkó ògbòshí/,
498,496,Fight,[ọpíná/ókúhá],/ìhúmò àféné/,
499,497,Stab,[ìkwáá],/ràjúnò-òkpé/,
500,498,"Kill, murder",[ràjúnó ófí],/sùòyùb/,
501,499,Take revenge,[rúkó ògbòshí],/èsùb éyón/,
502,500,"Resolve, settle",[ìhúmò àféné],/íkpó-òkpé/,
503,501,"Intercede, mediate",[ràjúnò-òkpé],/item/,
504,502,Compromise,[sùòyùb],/éné ndémé/,
505,503,"Appease, pacify",[èsùb éyón],/ófúnó-òbhà/,
506,504,Steal,[íkpó-òkpé],/òʒé/,
507,505,Rape,[ítèm],/úfènò/,
508,506,Judge,[éné ndémé],/úfènò/,
509,507,Law,[ófúnó-òbhà],/ènú/,
510,508,"(be) fair, just",[òʒé],/ònù àráhọrò/,
511,509,(be) guilty,[úfènò],/ènú òfènà/,
512,510,(be) innocent,[úfènò],/ùsà/,
513,511,Punish,[ènú],/úsá/,
514,512,"Penalty, punishment",[ònù àráhọrò],/ úsá/,
515,513,Inhabitant,[ènú òfènà],/ríkpé/,
516,514,Bush dweller,[ùsà],/n ɲ -óvùnè/,
517,515,"Move away, migrate",[úsá],/ áfá/,
518,516,"Country, ethnic area",[úsá],/ ìgò-tánọ],
519,517,Frontier (of ethnic area),[ríkpé],/égò-ópà/,
520,518,"Town, city",[n ɲ -óvùnè],/òkpó-váná/,
521,519,Village,[áfá],/jéméné- gò/,
522,520,"Camp, encampment",[ìgò-tánọ],/èwóí/,
523,521,Market (n),[égò-opà],/ òkpó/,
524,522,"Article or clothing, clothes",[òkpó-váná],/úbósórọ/,
525,523,Wear clothes,[jéméné- gò],/ βésárívọnọ/,
526,524,Dress (v),[èwóí],/ìsòb égò/,
527,525,Undress,[òkpó],/èwùrà rómò/,
528,526,(be) naked,[úbósórọ],/égó-ágwa /,
529,527,Hat,[βésárívọnọ],/éwúrú-abáh/,
530,528,Shirt,[ìsòb égò],/íkpọd /,
531,529,Trousers,[èwùrà rómò],/émúráká/,
532,530,Loincloth,[égó-ágwa ],/ráká /,
533,531,Robe (man‟s gown),[éwúrú-abáh],/ ráká rówùrọ/,
534,532,Cloth worn by a woman,[íkpọd ],/ reka rówùrọ/,
535,533,Baby sling,[émú-ráká],/ókpó-úwà/,
536,534,"Shoe, sandal",[ráká / ìrògbò],/ékpékpé/,
537,535,Bead,[ráká rówùrọ],/íkpá-ító/,
538,536,"String, thread (beads) (v)",[reka rówùrọ],/ótó-óvórà/,
539,537,Bracelet,[ókpó-úwà],/óhárá- mà/,
540,538,Necklace,[ékpékpé],/ìsì òká/,
541,539,"Ankle ring, bangle",[íkpá-ító],/ote-iya /,
542,540,Ring (finger),[ótó-óvórà],/étúm/,
543,541,Earring,[óhárá- mà],/ísò-òyá or ísòyá/,
544,542,Pierce,[ìsì òká],/víjá ánàì/,
545,543,"Labret, lip plug, lip stick",[ote-iya/òtìyà],/fone-βhíyon/,
546,544,"Plait, braid",[étúm],/cúm-íshìn/,
547,545,"(facial) Incision, tattoo",[ísò-òyá or ísòyá],/kpá-rébém/,
548,546,"Cane, walking stick",[víjá ánàì],/óhóβá/,
549,547,"Bathe, wash oneself",[fone-βhíyon],/épém/,
550,548,Apply (ointment),[cúm-íshìn],/bhóvónóshí/,
551,549,Wipe off (excreta),[kpá-rébém],/èʒènọ/,
552,550,Cut (hair),[óhóβá],/ítórè/,
553,551,Shave (v),[épém],/βànàì/,
554,552,Razor,[bóvónóshí],/ígwà/,
555,553,Comb,[èʒènọ],/àkàmù/,
556,554,Food,[ítórè],/ótúú/,
557,555,Meat,[βànàì],/búnó/,
558,556,Fat,[ígwà],/bóvénóshí-ávúmọ/,
559,557,Oil,[àkàmù],/bóvénóshí-óréyò/,
560,558,"Soup, broth",[ótúú],/éβónọ/,
561,559,"Pap, mushy food",[búnó],/ íyáré/,
562,560,Bread,[bóvénóshí-ávúmọ],/óvénóshí-òpémà/,
563,561,Salt,[bóvénóshí-óréyò],/hóbọ/,
564,562,Breakfast,[éβónọ],/bhátó hárárá/,
565,563,Evening meal,[íyáré],/bhátó háúnáná/,
566,564,Feast,[óvénóshí-òpémà],/bhódé/,
567,565,Leftovers,[hóbọ],/n mòvònòshì/,
568,566,Spoil (food),[bhátó hárárá],/hùmá/,
569,567,Mould milk,[bhátó háúnáná],/hùmá/,
570,568,Alcohol (general),[bódé],/kùmákúm/,
571,569,Beer (traditional),[n mòvònòshì],/gùnágún/,
572,570,Palm wine,[hùmá],/kpákùkùwà/,
573,571,Prepare (food to cook),[hùmá],/kóβárá/,
574,572,Cut,[kùmákúm],/jém/,
575,573,Cut open,[gùnágún],/kpé/,
576,574,Slice,[kpákùkùwà],/kàá/,
577,575,Peel,[kóβárá],/nú/,
578,576,Mix,[jém],/rón/,
579,577,Stir,[kpé],/vób/,
580,578,stain,[kàá],/zúb/,
581,579,pound,[nú],/vób bí-ítòtóì/,
582,580,grind,[rón],/gùú/,
583,581,Pluck (feathers),[vób],/ràí/,
584,582,Cook,[zúb],/ìkpá-kpóm/,
585,583,Roast,[vób bí-ítòtóì],/rètán ávén òkà/,
586,584,Fry,[gùú],/rètán ávén òkà/,
587,585,Bake (in ashes),[ràí],/rètán ávén òkà/,
588,586,(be) smoked,[ìkpá-kpóm/ìkpákpóm],/rotoi/,
589,587,Boil (water),[rètán ávén òkà],/ékpérékpé/,
590,588,Cooking pot,[rètán ávén òkà],/nkéné/,
591,589,Grinding stone,[rètán ávén òkà],/rébó/,
592,590,Upper grinding stone,[rotoi],/ófá/,
593,591,Lower grinding stone,[ékpérékpé],/égbúrígbáng/,
594,592,"Pestle, pounding stick",[nkéné],/uʃi /,
595,593,"Mortar, pounding pot",[rébó],/bíhúrọ/,
596,594,Plate,[ófá],/úpáí/,
597,595,Bowl,[égbúrígbáng],/kóróbá/,
598,596,Cup,[uʃi / íkpá ọbọ],/úúpá/,
599,597,Spoon (traditional),[bíhúrọ],/ékúmá/,
600,598,Bag,[úpáí],/kpáì bì-hon/,
601,599,Box,[kóróbá],/úmọ/,
602,600,Basket,[úúpá],/máná/,
603,601,"Bucket, pail",[ékúmá],/mina mìnáì/,
604,602,Calabash,[kpáì bì-hon],/zùβá/,
605,603,Bottle,[úmọ],/fí/,
606,604,"Stopper, plug",[máná],/íyúwá/,
607,605,Handle,[mina mìnáì],/évòí/,
608,606,Pour,[zùβá],/wóné/,
609,607,Spill (liquid),[fí],/woone/,
610,608,Take out (from container),[íyúwá],/gwá/,
611,609,Fill,[évòí],/bare/,
612,610,(be) full,[wóné],/gwá-mmó/,
613,611,(be empty),[wòòné],/wòòné/,
614,612,(be) empty,[gwá],/énóng-ósé/,
615,613,Open,[bàrè],/régbá/,
616,614,"Close, shut",[gwá-mmó],/vábàn/,
617,615,Stop up,[wòòné],/vábàbá/,
618,616,Cover,[énóng-ósé],/vúró/,
619,617,Uncover,[régbá],/vúnéné/,
620,618,Store (up),[vábàn],/kòóné/,
621,619,Bundle (n),[vábàbá],/kpáí/,
622,620,Heap (n),[vúró],/βób/,
623,621,Heap up,[vúnéné],/rèká/,
624,622,Wrap up,[kòóné],/βọb/,
625,623,Unwrap,[kpáí],/βọb/,
626,624,Pack (v),[βób],/βọb/,
627,625,Strap (n),[rèká],/vúnéné/,
628,626,String (n),[βọb],/βób/,
629,627,Rope,[βọb],/mìé/,
630,628,Knot,[βọb],/vúnéné/,
631,629,"Fasten, bind",[vúnéné],/vúnéné /,
632,630,Tie (knot),[βób],/ísó-ádòn/,
633,631,Untie,[mìé],/úwúβò/,
634,632,Tighten,[vúnéné],/íʒúmá dòn/,
635,633,(be) tight,[vúnéné / yáyò],/rémá/,
636,634,Loosen,[ísó-ádòn],/étó-rémà/,
637,635,"(be) loose, slack",[úwúβò],/míndò/,
638,636,"Compound, house",[íʒúmá dòn],/hévúnọ/,
639,637,Hut,[rémá],/ìkòwá/,
640,638,Wall,[étó-rémà],/áyá-ívónọ/,
641,639,"Door, doorway cover",[míndò],/úbéró/,
642,640,Doorway,[hévúnọ],/ìfám úbéd/,
643,641,Window,[ìkòwá],/éhúwà/,
644,642,Roof,[áyá-ívónọ],/ètópé/,
645,643,"Beam, rafter",[úbéró],/èsà/,
646,644,Floor,[ìfám úbéd],/èkwá/,
647,645,Room,[éhúwà],/èkwá/,
648,646,Bedroom,[ètópé],/rèkpányí/,
649,647,Kitchen,[èsà],/ńyáng-ísọ-nyá/,
650,648,Entrance hut,[èkwá],/óbhóráʒé/,
651,649,Courtyard,[èkwá],/òtúmákpèré/,
652,650,Fence (n),[rèkpányí],/íʒání ʒùmá/,
653,651,Fence in (v),[ńyáng-ísọ-nyá],/úhúbọ/,
654,652,Well (n),[óbhóráʒé],/mórọ/,
655,653,Bathing place,[òtúmákpèré],/táná/,
656,654,"Latrine, toilet",[íʒání ʒùmá],/òsè/,
657,655,Garbage dump,[úhúbọ],/ítọnè/,
658,656,Garden,[mórọ],/íhóré/,
659,657,Shelter,[táná],/zírọ/,
660,658,Build,[òsè],/òkpátàrá/,
661,659,"Mark out, peg out",[ítọnè],/ékwà/,
662,660,Mud block,[íhóré],/èsé/,
663,661,Thatch,[zírọ],/òfíọ/,
664,662,Plaster,[òkpátàrá],/réhónọ/,
665,663,Paint,[ékwà],/ótóríkáng/,
666,664,Ladder,[èsé],/ówéí/,
667,665,Chair,[òfíọ],/égányá/,
668,666,Stool,[réhónọ],/míá-ègányá/,
669,667,Bed,[ótóríkáng],/námòvénọ/,
670,668,Mat,[ówéí],/nàngọtọmọ/,
671,669,"Lamp, torch",[égányá],/dódówá/,
672,670,Fan,[míá-ègányá],/èkpàì óʒírá/,
673,671,,[námòvénọ],/gbépì/,
674,672,Ring (bell),[nàngọtọmọ],/gbépì/,
675,673,"Act, do",[dódówá],/òsásè,
676,674,Work,[èkpàì óʒírá],/ésé/,
677,675,"Mend, repair",[gbépì],/hùmá- ésé/,
678,676,Hammer,[gbépì],/héví/,
679,677,Lump (clay mud),[òsásè],/èwù-ésé/,
680,678,Mould,[ésé],/járò/,
681,679,Potter‟s kiln,[hùmá- ésé],/járò/,
682,680,Wood,[héví],/járò/,
683,681,Cut down(tree),[èwù-ésé],/ésé/,
684,682,Log,[járò],/βób/,
685,683,Axe,[járò],/òfàfá/,
686,684,Chop into pieces,[járò],/éwo  ì/,
687,685,Saw (n),[ésé],/húm/,
688,686,Saw (wood),[βób],/ágà/,
689,687,Plank,[òfàfá],/rèká/,
690,688,Knot,[éwo  ì],/súmáyò/,
691,689,Chisel(n),[húm],/úʃì/,
692,690,Nail(n),[ágà],/ʤàá/,
693,691,Sew,[rèká],/nó/,
694,692,Needle,[súmáyò],/égò/,
695,693,Thread,[úʃì],/òtùm- égò/,
696,694,Hem,[ʤàá],/íwát/,
697,695,Pocket,[nó],/támévén/,
698,696,(be) torn,[égò],/súúré/,
699,697,Weave,[òtùm- égò],/jáí/,
700,698,Cloth,[íwát],/hówá/,
701,699,Rag,[támévén],/mé-ímá/,
702,700,Broom,[súúré],/tòó/,
703,701,Sweep,[jáí],/ɔ túmàkpéré/,
704,702,Polish,[hówá],/ìzàm-ɔ wàb/,
705,703,"Wash (clothes,utensils)",[mé-ímá],/rèhóró/,
706,704,Draw water,[tòó],/úkɔ /,
707,705,Fetch(firewood),[ɔ túmàkpéré],/énédémé-a-ízòí/,
708,706,Dig,[ìzàm-ɔ wàb],/  kàmɔ /,
709,707,Rubbish,[rèhóró],/ízàm/,
710,708,"Cultivate, farm",[úkɔ ],/wábò/,
711,709,Field,[énédémé-a-ízòí],/tóré- wábò/,
712,710,Boundary,[  kàmɔ ],/βá-íʃín/,
713,711,Fertile,[ízàm],/èhɔ b- íʃín/,
714,712,(be)barren(of land),[wábò],/βáyò/,
715,713,Clear,[tóré- wábò],/éhɔ -sákpóyó/,
716,714,"Sow, plant",[βá-íʃín],/  màr  -óróm/,
717,715,Transplant,[èhɔ b- íʃín],/ító/,
718,716,Weed,[βáyò],/kɔ -  d  r  /,
719,717,Hoe (V),[éhɔ -sákpóyó],/ítótó/,
720,718,Hoe (n),[  màr  -óróm],/kpáí/,
721,719,Big hoe,[ító],/zíjá bùtó/,
722,720,"Matchete, cutlass",[kɔ -  d  r  ],/kpé-  r  sì/,
723,721,Harvest season,[ítótó],/hún-   r  sì/,
724,722,Harvest(maize),[kpáí],/hún-   r  sì/,
725,723,"Harvest, dig up(yams)",[zíjá bùtó],/bhékó-ákwɔ kwɔ /,
726,724,"Pick, pluck (fruit)",[kpé-  r  sì],/rúpé-éɲì-rèhó-ósè/,
727,725,"Harvest, collect(honey from hive)",[hún-   r  sì],/ózárá/,
728,726,"Thresh, beat (grain)",[hún-   r  sì],/ívóm/,
729,727,Winnow (n),[bhékó-ákwɔ kwɔ ],/ɲá-ívóm hòtùtò/,
730,728,"Winnow, throw in air",[rúpé-éɲì-rèhó-ósè],/íz  n/,
731,729,Shell (groundnut),[ózárá],/ɲì íz  n òvònòʃí/,
732,730,Husk,[ívóm],/βàɲì-rèβ  i-  b  n/,
733,731,"Dosmesticate, tame",[ɲá-ívóm hòtùtò],/òpàràpárò/,
734,732,"Herd (cattle,sheep)(v)",[íz  n],/hómámé/,
735,733,Cattle pen,[ɲì íz  n òvònòʃí],/óʤóbháʤóbhéré/,
736,734,"Tether (sheep, goats)(v)",[βàɲì-rèβ  i-  b  n],/  tàrà vírí/,
737,735,Feed (animals),[òpàràpárò],/èhárà/,
738,736,"Milk (cows, goats)(v)",[hómámé],/bhètú/,
739,737,Castrate,[óʤóbháʤóbhéré],/étànò/,
740,738,Hunt,[  tàrà vírí],/étànò/,
741,739,Stalk,[èhárà],/[mɔ v  n òsìò/,
742,740,Chase,[bhètú],/r  tɔ - tànɔ /,
743,741,Track (animal),[étànò],/íɡónìfá/,
744,742,Footprint (human),[étànò],/  màr  /,
745,743,Bow (hunting),[mɔ v  n òsìò],/tɔ -   màr  /,
746,744,Arrow,[r  tɔ - tànɔ ],/èsángá/,
747,745,Poison,[íɡónìfá],/rèká-óyòm-hùmé/,
748,746,Head of arrow,[  màr  ],/èhárà/,
749,747,Lance (spear),[tɔ -   màr  ],/[mó- èhárà/,
750,748,Knife,[èsángá],/[èhárà/,
751,749,Throwing stick/throwing knife,[rèká-óyòm-hùmé],/pìná- èzènò/,
752,750,"Club,cudgel",[èhárà],/  kpá s  n/,
753,751,Hunting net,[mó- èhárà],/èvéré/,
754,752,Trap(n),[èhárà],/ràkpà ìvéré/,
755,753,Set trap,[pìná- èzènò],/rètáyò/,
756,754,Trap (animal),[  kpá s  n],/úkpó/,
757,755,"Slaughter, kill(animal for butchering)",[èvéré],/èhórò/,
758,756,Skin,[ràkpà ìvéré],/ìhárà/,
759,757,Fish,[rètáyò],/míɲínà/,
760,758,Fish dam,[úkpó],/rúɲé/,
761,759,Fish trap,[èhórò],/ nàrò/,
762,760,Fishing net,[ìhárà],/ɲìó/,
763,761,Fishhook,"[mɔ v  n òsìò/
/r  tɔ - tànɔ /
/íɡónìfá/
/  màr  /
/tɔ -   màr  /
/èsángá/
/rèká-óyòm-hùmé/
/èhárà/
/[mó- èhárà/
/[èhárà/
/pìná- èzènò/
/  kpá s  n/
/èvéré/
/ràkpà ìvéré/
/rètáyò/
/úkpó/
/èhórò/
/ìhárà/
215
763. Have, possess
764. Need (v)
765. Get, obtain
766. Give
767. Return, give back
768. Belongings
769. Owner
770. Richman
771. Poor
772. (be) rich
773. (be) poor
774. Money
775. Cowrie shell
776. Barter, exchange
777. Buy
778. Sell
779. (be) scare
780. (be) expensive
781. Price
782. Haggle, negotiate a price
783. Payment
784. Pay (for goods, services etc)
785. Gift
786. Hire
787. Beg (beg for money)
788. Borrow
789. Lend
790. Debt
791. Offer (v)
792. Accept, receive
793. Refuse
794. Tax (n)
795. Tribute
796. Inheritance
797. Inherit       -[míɲínà]",/tóró/,
764,762,Bait,[rúɲé],/íyíná/,
765,763,"Have, possess",[ nàrò],/òyínà –òvénà/,
766,764,Need (v),[ɲìó],/órómá-íyíná/,
767,765,"Get, obtain",[tóró],/órómá-hòréhòrè/,
768,766,Give,[íyíná],/èné ódèmò/,
769,767,"Return, give back",[òyínà –òvénà],/éhóréhórè/,
770,768,Belongings,[órómá-íyíná],/íkpóhó/,
771,769,Owner,[órómá-hòréhòrè],/ìtìbìdí/,
772,770,Richman,[èné ódèmò],/ókòwàré/,
773,771,Poor,[éhóréhórè],/r   b/,
774,772,(be) rich,[íkpóhó],/ tàn/,
775,773,(be) poor,[ìtìbìdí],/ùkó/,
776,774,Money,[ókòwàré],/òz  r   áfá/,
777,775,Cowrie shell,[r   b],/áfá/,
778,776,"Barter, exchange",[tàn],/áfá ókpé/,
779,777,Buy,[ùkó],/kpé/,
780,778,Sell,[òz  r   áfá],/ákpé íkpòhò/,
781,779,(be) scare,[áfá],/rúɲì/,
782,780,(be) expensive,[áfá ókpé],/rúvàrà/,
783,781,Price,[kpé],/rúkpòm/,
784,782,"Haggle, negotiate a price",[ákpé íkpòhò],/rúvàrà/,
785,783,Payment,[rúɲì],/òvàrá/,
786,784,"Pay (for goods, services etc)",[rúvàrà],/òtún/,
787,785,Gift,[rúkpòm],/ jè mò/,
788,786,Hire,[rúvàrà],/nárò/,
789,787,Beg (beg for money),[òvàrá],/vùúm/,
790,788,Borrow,[òtún],/tásì/,
791,789,Lend,[jè mò],/ínánà ósòm-ésànè/,
792,790,Debt,[nárò],/hàkpá/,
793,791,Offer (v),[vùúm],/shí-ákpá/,
794,792,"Accept, receive",[tásì],/èhàng òté/,
795,793,Refuse,[ínánà ósòm-ésànè],/óté òzè/,
796,794,Tax (n),[hàkpá],/òno -ózè/,
797,795,Tribute,[shí-ákpá],/òzìzèyà/,
798,796,Inheritance,[èhàng òté],/ézúmè/,
799,797,Inherit,[óté òzè],/ètò/,
800,798,"Journey, trip",[òno -ózè],/ètò/,
801,799,"Travel, go on a trip(v)",[òzìzèyà],/ìgbà-ètò/,
802,800,Traveler,[ézúmè],/sà-éhúb-róyò/,
803,801,Wander,[ètò],/ózàrà-ékpáísé/,
804,802,(be) lost,[ètò],/èzòng òjàrò/,
805,803,"Path, road",[ìgbà-ètò],/òjàrò/,
806,804,Fork (in path),[sà-éhúb-róyò],/vòm bànyí/,
807,805,"Crossroads, intersection",[ózàrà-ékpáísé],/òwùrà/,
808,806,Cross (river),[èzòng òjàrò],/mèjé/,
809,807,Canoe,[òjàrò],/màtèyò/,
810,808,Paddle (n),[vòm bànyí],/tàmànyì/,
811,809,Paddle (v),[òwùrà],/kpa-bìbò/,
812,810,"Bale out ( canoe, boat)",[mèjé],/wàgwàn mízùmà/,
813,811,Capsize,[màtèyò],/tòbàrétò/,
814,812,Bring,[tàmànyì],/rúkp ònò/,
815,813,"Take(away), Carryaway",[kpa-bìbò],/fìrúkpònò/,
816,814,Send(something to someone),[wàgwàn mízùmà],/rúkpòn ófúnénè/,
817,815,Carry (in arms),[tòbàrétò],/rèhónò/,
818,816,Carry (child) on back,[rúkp ònò],/ràʤúnò/,
819,817,Carry on head,[fìrúkpònò],/òdàròkpá/,
820,818,Headpad,[rúkpòn ófúnénè],/òʤòbèrè/,
821,819,Load,[rèhónò],/òʤòbèrè ònò/,
822,820,Unload,[ràʤúnò],/ìgónífà/,
823,821,War,[òdàròkpá],/ròhónò/,
824,822,Peace,[òʤòbèrè],/ígwà/,
825,823,Army,[òʤòbèrè ònò],/òtàbòrò/,
826,824,Spy (n),[ìgónífà],/ítáá/,
827,825,"Spy (v), spy on",[ròhónò],/ònò-àngbákówó/,
828,826,Sword,[ígwà/ìkpàná],/ùsà-òtá/,
829,827,Gun,[òtàbòrò],/ɔ zàm/,
830,828,Shield (n),[ítáá],/ɔ zàm/,
831,829,"Conquer, defeat",[ònò-àngbákówó],/zám/,
832,830,(be) defeated,[ùsà-òtá],/zám/,
833,831,"Prisoner, captive",[ɔ zàm],/ìhù-òwùnà/,
834,832,Plunder (a town),[ɔ zàm],/múkwà/,
835,833,Music,[zám],/tùmúkwà/,
836,834,Song,[zám],/régwòí/,
837,835,Sing,[ìhù-òwùnà],/régwòí-sébìbì/,
838,836,Hum (v),[múkwà],/ régwòí-ótéré/,
839,837,Whistle (v),[tùmúkwà],/régwòí-rèkùmá/,
840,838,Dance (n),[régwòí],/ìfíó/,
841,839,Dance (v),[régwòí-sébìbì],/rùpè/,
842,840,Big(est) drum,[régwòí-ótéré],/èwòsà/,
843,841,Small(est) drum,[régwòí-rèkùmá],/òkwà/,
844,842,Talking drum,[ìfíó],/rùpè-húná/,
845,843,Hour glass drum,[rùpè],/ìɲàɲ-ódóró/,
846,844,Flute,[èwòsà],/ódódówà/,
847,845,Horn (musical instrument),[òkwà],/húbò/,
848,846,Rattle( musical instrument),[rùpè-húná],/úkpòm/,
849,847,Play instrument,[ìɲàɲ-ódóró],/úkpòm/,
850,848,Blow(horn),[ódódówà],/ròsé-èhúnú,
851,849,Draw (picture),[húbò],/rèzín ánúpè/,
852,850,Decorate,[úkpòm],/éhùmè/,
853,851,Carve,[úkpòm],/òβàzì ràrùm òɲì/,
854,852,Play (child),[ròsé-èhúnú ógwà],/òβàzì/,
855,853,Game,[rèzín ánúpè],/íβází/,
856,854,Tobacco pipe,[éhùmè],/énábé/,
857,855,Pipe-stem,[òβàzì ràrùm òɲì],/íyángá/,
858,856,Tobacco,[òβàzì],/íyá-ósòmésáné/,
859,857,"Awe,reverence (for God)",[íβází],/íyà-ókpá-ízòí/,
860,858,God(Supreme being),[énábé],/ rùkó/,
861,859,god (lesser)fetish(spirit),[íyángá],/hòdó/,
862,860,"demon, evil spirit",[íyá-ósòmésáné],/bíyén-óyé/,
863,861,ghost (visible apparatus),[íyà-ókpá-ízòí],/bíyén-óyé/,
864,862,"Soul, spirit(of living person)",[rùkó],/bíyén-óyé/,
865,863,Spirit (of dead person)(invincible),[hòdó],/ èʤá òʤá/,
866,864,Pray,[bíyén-óyé],/òtánétáne /,
867,865,Blessing,[bíyén-óyé],/ízèng òʃí/,
868,866,"Divine, prophecy (v)",[bíyén-óyé],/e  sà òɲì/,
869,867,Prophecy (n),[èʤá òʤá],/e  sà/,
870,868,Vision(Supernatural),[òtánétáne ],/ βòvén-óbé/,
871,869,Omen,[ízèng òʃí],/éfí βòvén-óbé/,
872,870,Witchcraft,[e  sà òɲì],/égbá/,
873,871,"Bewitch, cast spell",[e  sà],/ìkpànà/,
874,872,Curse (v),[βòvén-óbé],/éfàmí/,
875,873,Curse (n),[éfí βòvén-óbé],/rèná/,
876,874,Poison (n),[égbá],/ónú bàtò/,
877,875,Poison (a person)(v),[ìkpànà],/òsá ákpaízoí/,
878,876,"Amulet,charm,fetish",[éfàmí],/β  v  n á-ízóì/,
879,877,Protect by charm,[rèná],/ébónò/,
880,878,Mask (n),[ónú bàtò],/èβón-áréhòn-ófì/,
881,879,Sacrifice,[òsá ákpaízoí],/ìhòm-òté/,
882,880,Pour libation,[β  v  n á-ízóì],/èhù-òté/,
883,881,Dwelling place of the dead(spiritual),[ébónò],/óʃì óhám àròm/,
884,882,"Traditions, custom",[èβón-áréhòn-ófì],/óʃì óhám ábà/,
885,883,Feast,[ìhòm-òté],/rèβàn òbán/,
886,884,Naming ceremony (baby),[èhù-òté],/rèβàn/,
887,885,Circumcision (male),[óʃì óhám àròm],/épó/,
888,886,Excision (female),[óʃì óhám ábà],/rèbò-á-rébán/,
889,887,Initiation (male),[rèβàn òbán],/ réβán ònùmà/,
890,888,Initiation (female),[rèβàn],/gwà-réβán/,
891,889,Marry,[épó],/òròm á réβàn/,
892,890,Marriage (state wedlock),[rèbò-á-rébán],/óbán-bà-èkàbé/,
893,891,"(be) engaged,(be)betrothed",[réβán ònùmà],/òfìb èwàíyò/,
894,892,Bride price(for bride‟s family),[gwà-réβán],/réβán-ókpówà/,
895,893,Wedding (ceremony),[òròm á réβàn],/rókpà ònáng/,
896,894,Bride,[óbán-bà-èkàbé],/hozín-okú/,
897,895,Groom,[òfìb èwàíyò],/ ósá ònò/,
898,896,Polygamy,[réβán-ókpówà],/rófém ófì/,
899,897,Adultery,[rókpà ònáng],/ìkpá/,
900,898,Divorce (v),[hozín-okú],/òɲì/,
901,899,Funeral (at occasion of death),[ósá ònò],/ròkpà/,
902,900,Mourning,[rófém ófì],/ìkpà/,
903,901,"Wail,ulutate (at funeral)",[ìkpá],/  z  n/,
904,902,"Condole,comfort (v)",[òɲì],/  z  n/,
905,903,Corpse,[ròkpà],/   vɔ m-réhót/,
906,904,Bury,[ìkpà],/òmàrévòm/,
907,905,Grave,[  z  n],/gwàn-   vɔ m/,
908,906,Cemetery,[  z  n],/ívóm/,
909,907,Animal,[  vɔ m-réhót],/ìβén/,
910,908,Ox,[òmàrévòm],/bítóp/,
911,909,Bull,[gwàn-   vɔ m],/òmàré ébén/,
912,910,Cow(female),[ívóm],/gwàn- ébén/,
913,911,Calf,[ìβén],/étónó/,
914,912,Herd(of cattle),[bítóp],/étónó/,
915,913,Goat,[òmàré ébén],/gwàn-étónó/,
916,914,"He-goat, billy goat",[gwàn- ébén],/ítónó/,
917,915,"She goat, nanny goat",[étónó],/bìyóhò/,
918,916,Kid,[étónó],/òròmá íhòhò/,
919,917,Sheep,[gwàn-étónó],/òmárà íhòhò/,
920,918,Ram,[ítónó],/gwàn-á- íhòhò/,
921,919,Ewe,[bìyóhò],/tòrótòró/,
922,920,"Flock(of sheep, goats)",[òròmá íhòhò],/βìhùrá-nfán/,
923,921,Chicken,[òmárà íhòhò],/bìhót àhárárá/,
924,922,Roaster (cock),[gwàn-á- íhòhò],/ìnyáyá/,
925,923,Hen,[tòrótòró],/ìnyáyá/,
926,924,Chick,[βìhùrá-nfán],/òròmá- nyányá/,
927,925,Turkey,[bìhót àhárárá],/omare- nyányá/,
928,926,Guinea fowl,[ìnyáyá],/ìnyáyá/,
929,927,Duck,[ìnyáyá],/ékómbá/,
930,928,Camel,[òròmá- nyányá],/òròmá- ékómbá/,
931,929,Horse,[omare- nyányá],/òmàrì- ékómbá/,
932,930,Stallion,[ìnyáyá],/ gwàn- ékómbá/,
933,931,Mare (female horse),[ékómbá],/èfá/,
934,932,Donkey,[òròmá- ékómbá],/gwàn-èfá/,
935,933,Pig,[òmàrì- ékómbá],/ékándèm/,
936,934,Boar (male pig),[gwàn- ékómbá],/gwàn- ékándèm/,
937,935,Sow (female pig),[èfá],/éɲí réhórósé/,
938,936,Piglet,[ -[gwàn-èfá],/éɲí-ànyí/,
939,937,Dog,[ékándèm],/èvòm àrèhótò/,
940,938,Pup,[gwàn- ékándèm],/étéméré/,
941,939,Cat,[éɲí réhórósé],/èfò/,
942,940,Kitten,[éɲí-ànyí],/èfò/,
943,941,Elephant,[èvòm àrèhótò],/àdágéfù/,
944,942,Hippopotamus,[étéméré],/énébó/,
945,943,Buffalo,[èfò],/òkpó nkpò/,
946,944,Giraffe,[èfò],/èkpí/,
947,945,Monkey,[àdágéfù],/èhúbò/,
948,946,Baboon,[énébó],/íkpí-a-ràdè/,
949,947,Jackal,[òkpó nkpò],/βìgbísè/,
950,948,Antelope,[èkpí],/èvíví/,
951,949,Mouse,[èhúbò],/èzèm/,
952,950,Rat,[íkpí-a-ràdè],/èkàndèm,
953,951,"Cane rat, cutting grass, grasscutter",[βìgbísè],/èkpè/,
954,952,Palm rat,[èvíví],/èkpè/,
955,953,Squirrel,[èzèm],/ékpézèn/,
956,954,Porcupine,[èkàndèm arehot],,missing one or more fields in source extraction
957,955,Bat,[èkpè],,missing one or more fields in source extraction
958,956,Wild cat,[èkpè],,missing one or more fields in source extraction
959,957,Leopard,[ékpézèn],,missing one or more fields in source extraction
960,958,Lion,,,missing one or more fields in source extraction
961,959,Hide (of animal),,,missing one or more fields in source extraction
962,960,Fur,,,missing one or more fields in source extraction
